{
    "providers": [
        {
            "type": "ttf",
            "file": "666.ttf",
            "size": 11,
            "oversample": 8,
            "shift": [
                0,
                1
            ],
            "skip": "「《【『（"
        },
        {
            "type": "ttf",
            "file": "666.ttf",
            "size": 11,
            "oversample": 8,
            "shift": [
                -2.7,
                1
            ]
        }
    ]
}