{
  "providers": [
    {
      "type": "caxton",
      "regular": {
        "file": "xplus:harmonyossansscregular.ttf",
        "shadow_offset": 0.5
      },
      "bold": {
        "file": "xplus:harmonyossansscregular.ttf",
        "shadow_offset": 0.5
      },
      "italic": {
        "file": "xplus:harmonyossansscregular.ttf",
        "shadow_offset": 0.5
      },
      "bold_italic": {
        "file": "xplus:harmonyossansscregular.ttf",
        "shadow_offset": 0.5
      }
    },
    {
      "type": "caxton",
      "regular": {
        "file": "xplus:harmonyossanstcregular.ttf",
        "shadow_offset": 0.5
      },
      "bold": {
        "file": "xplus:harmonyossanstcregular.ttf",
        "shadow_offset": 0.5
      },
      "italic": {
        "file": "xplus:harmonyossanstcregular.ttf",
        "shadow_offset": 0.5
      },
      "bold_italic": {
        "file": "xplus:harmonyossanstcregular.ttf",
        "shadow_offset": 0.5
      }
    },
    {
      "type": "reference",
      "id": "minecraft:include/space"
    },
    {
      "type": "reference",
      "id": "minecraft:include/default"
    },
    {
      "type": "reference",
      "id": "minecraft:include/unifont"
    }
  ]
}
